Candidate_ID,Seed_Type,Seed_Length,Target_Seed_mRNA,Consensus_mRNA_Seed,Expected_Guide_Seed,Actual_Guide_Seed,amiRNA_Sequence,GC_Percent,Tm,Avg_Binding_Score,Avg_Accessibility,Off_Targets,Scaffold
Candidate_1,8mer,8,AGAGGCAG,AGAGGCAG,CUGCCUCU,UUGCCUCU,UUGCCUCUUCUCCCCACCCAA,57.1,60.0,8.60,0.82,None,UUGCCUCUUCUCCCCACCCAACUAGUUUUCUGCAGGUGUUUGCCUAUUGA
Candidate_2,7mer-m8,7,ACCAAGA,ACCAAGA,UCUUGGU,UCUUGGU,UUCUUGGUAAUGGAAGACCAG,42.9,60.0,7.80,0.69,None,UUCUUGGUAAUGGAAGACCAGCUAGUUUUCUGCAGGUGUUUGCCUAUUGA
Candidate_3,7mer-m8,7,GATGACT,GATGACT,AGUCAUC,AGUCAUC,UAGUCAUCCUUCCAAGGGAAG,47.6,60.0,7.73,0.69,None,UAGUCAUCCUUCCAAGGGAAGCUAGUUUUCUGCAGGUGUUUGCCUAUUGA
Candidate_4,7mer-m8,7,GAGGCAG,GAGGCAG,CUGCCUC,CUGCCUC,UCUGCCUCUUCGACCCCCCCA,66.7,60.0,7.70,0.69,None,UCUGCCUCUUCGACCCCCCCACUAGUUUUCUGCAGGUGUUUGCCUAUUGA
Candidate_5,7mer-m8,7,AGAGGCA,AGAGGCA,UGCCUCU,UGCCUCU,UUGCCUCUUCUCCCCACCCAA,57.1,60.0,7.60,0.82,None,UUGCCUCUUCUCCCCACCCAACUAGUUUUCUGCAGGUGUUUGCCUAUUGA
Candidate_6,7mer-m8,7,GCTTCTG,GCTTCTG,CAGAAGC,CAGAAGC,UCAGAAGCAGCAAUCAGAACA,42.9,60.0,7.60,0.76,None,UCAGAAGCAGCAAUCAGAACACUAGUUUUCUGCAGGUGUUUGCCUAUUGA
Candidate_7,7mer-m8,7,CTACAGA,CTACAGA,UCUGUAG,UCUGUAG,UUCUGUAGUCAAGUCACAAAG,38.1,60.0,7.53,0.48,None,UUCUGUAGUCAAGUCACAAAGCUAGUUUUCUGCAGGUGUUUGCCUAUUGA
Candidate_8,7mer-m8,7,TTCTCCA,TTCTCCA,UGGAGAA,UGGAGAA,UUGGAGAAUUAUUGGGAAUAG,33.3,60.0,7.50,1.00,None,UUGGAGAAUUAUUGGGAAUAGCUAGUUUUCUGCAGGUGUUUGCCUAUUGA
Candidate_9,7mer-m8,7,AGTTGTA,AGTTGTA,UACAACU,UACAACU,UUACAACUGGCUAAGGGGCUA,47.6,60.0,7.50,0.82,None,UUACAACUGGCUAAGGGGCUACUAGUUUUCUGCAGGUGUUUGCCUAUUGA
Candidate_10,7mer-m8,7,GCTGTGC,GCTGTGC,GCACAGC,GCACAGC,UGCACAGCUGCCAAAAGGCGA,57.1,60.0,7.47,0.64,None,UGCACAGCUGCCAAAAGGCGACUAGUUUUCUGCAGGUGUUUGCCUAUUGA
