Candidate_ID,Gene,Site_Position,Site_Context,Seed_Type,Binding_Score,Accessibility
Candidate_1,APP,935,ttgggtggggagaAGAGGCAG,8mer,10.30,1.00
Candidate_1,MAPT,420,gtgggggtgtcacAGAGGCAG,8mer,8.80,0.67
Candidate_1,PSEN1,2985,aagcaacaactgaAGAGGCAG,8mer,6.70,0.80
Candidate_2,APP,757,ctggtcttcaattACCAAGAa,7mer-m8,9.90,0.60
Candidate_2,MAPT,2834,cccagaactctccACCAAGAg,7mer-m8,5.50,0.67
Candidate_2,PSEN1,365,caggactaccgttACCAAGAg,7mer-m8,8.00,0.80
Candidate_3,APP,889,cttttctttgaagGATGACTa,7mer-m8,8.20,0.67
Candidate_3,MAPT,2536,ctgcctgaggaagGATGACTt,7mer-m8,7.50,0.60
Candidate_3,PSEN1,3190,tctcccagggttaGATGACTg,7mer-m8,7.50,0.80
Candidate_4,APP,936,tgggtggggagaaGAGGCAGa,7mer-m8,8.30,1.00
Candidate_4,MAPT,421,tgggggtgtcacaGAGGCAGt,7mer-m8,9.00,0.47
Candidate_4,MAPT,543,cacgggggaggccGAGGCAGg,7mer-m8,6.90,0.67
Candidate_4,MAPT,1095,tgtgggggtctggGAGGCAGg,7mer-m8,8.60,0.67
Candidate_4,PSEN1,2986,agcaacaactgaaGAGGCAGt,7mer-m8,5.70,0.67
Candidate_5,APP,935,ttgggtggggagaAGAGGCAg,7mer-m8,9.30,1.00
Candidate_5,MAPT,420,gtgggggtgtcacAGAGGCAg,7mer-m8,7.80,0.67
Candidate_5,PSEN1,2985,aagcaacaactgaAGAGGCAg,7mer-m8,5.70,0.80
Candidate_6,APP,547,tgtacagattgctGCTTCTGc,7mer-m8,8.00,0.60
Candidate_6,MAPT,355,ggctctgaaagctGCTTCTGg,7mer-m8,7.50,0.67
Candidate_6,PSEN1,4251,ttgtctgccttctGCTTCTGt,7mer-m8,7.30,1.00
Candidate_7,APP,894,ctttgaaggatgaCTACAGAc,7mer-m8,7.70,0.47
Candidate_7,MAPT,3845,ctgcgtgtcccatCTACAGAc,7mer-m8,8.00,0.47
Candidate_7,PSEN1,2711,gagtctgactgggCTACAGAa,7mer-m8,6.80,0.47
Candidate_7,PSEN1,2966,tttgttgattttaCTACAGAa,7mer-m8,7.60,0.53
Candidate_8,APP,765,caattaccaagaaTTCTCCAa,7mer-m8,7.90,1.00
Candidate_8,MAPT,3785,ctcctcatctttgTTCTCCAa,7mer-m8,7.40,1.00
Candidate_8,PSEN1,2237,ttattctgtctctTTCTCCAa,7mer-m8,7.20,1.00
Candidate_9,APP,322,tagccccttagccAGTTGTAt,7mer-m8,8.80,1.00
Candidate_9,MAPT,1855,ctgcaccctgttgAGTTGTAg,7mer-m8,7.30,0.47
Candidate_9,PSEN1,1207,tgaattatgaactAGTTGTAt,7mer-m8,6.40,1.00
Candidate_10,APP,130,tcgccttttgacaGCTGTGCt,7mer-m8,9.70,0.80
Candidate_10,MAPT,1154,ccccgtctgcgccGCTGTGCt,7mer-m8,6.40,0.60
Candidate_10,PSEN1,289,aggcccggaagttGCTGTGCc,7mer-m8,6.30,0.53
